date,open,high,low,close,volume,symbol
2025-12-09,1772.03,1772.03,1724.66,1747.17,895026400.0,VNINDEX
2025-12-08,1757.42,1758.41,1746.03,1753.74,609252600.0,VNINDEX
2025-12-05,1748.17,1758.44,1728.14,1741.32,629082200.0,VNINDEX
2025-12-04,1735.41,1741.71,1725.23,1737.24,761518300.0,VNINDEX
2025-12-10,1748.82,1748.82,1713.64,1718.98,647038643.0,VNINDEX
,,,,,,
2025-12-03,1725.9,1741.65,1714.9,1731.77,720008400.0,VNINDEX
2025-12-02,1704.84,1719.03,1690.36,1717.06,660685300.0,VNINDEX
2025-12-01,1698.98,1713.77,1697.38,1701.67,519292900.0,VNINDEX
2025-11-28,1683.77,1696.14,1679.12,1690.99,632463700.0,VNINDEX
2025-11-27,1686.03,1695.34,1681.08,1684.32,597890600.0,VNINDEX
2025-11-26,1667.31,1682.17,1663.99,1680.36,681733800.0,VNINDEX
2025-11-25,1670.08,1660.36,1655.73,1660.36,777426300.0,VNINDEX
2025-11-24,1656.19,1674.29,1656.01,1667.98,521662500.0,VNINDEX
2025-11-21,1646.36,1656.84,1635.1,1654.93,665568300.0,VNINDEX
2025-11-20,1652.05,1660.55,1647.79,1655.99,592002300.0,VNINDEX
2025-11-19,1659.25,1661.51,1643.04,1649.0,741564100.0,VNINDEX
2025-11-18,1657.43,1660.41,1647.64,1659.92,705675600.0,VNINDEX
2025-11-17,1640.47,1654.68,1640.47,1654.42,660673300.0,VNINDEX
2025-11-14,1627.45,1638.35,1623.03,1635.46,649408200.0,VNINDEX
2025-11-13,1632.64,1638.98,1625.94,1631.44,629417200.0,VNINDEX
2025-11-12,1597.73,1631.86,1596.43,1631.86,681711200.0,VNINDEX
2025-11-11,1585.32,1597.08,1578.42,1593.61,595525700.0,VNINDEX
2025-11-10,1598.02,1609.49,1580.54,1580.54,655736900.0,VNINDEX
2025-11-07,1636.24,1638.59,1595.34,1599.1,817661500.0,VNINDEX
2025-11-06,1656.67,1658.69,1638.12,1642.64,549667600.0,VNINDEX
2025-11-05,1647.46,1659.58,1640.51,1654.89,614280500.0,VNINDEX
2025-11-04,1618.02,1658.93,1600.56,1651.98,1130742400.0,VNINDEX
2025-11-03,1644.56,1652.48,1617.0,1617.0,964302800.0,VNINDEX
2025-10-31,1669.61,1669.61,1626.86,1639.65,777188600.0,VNINDEX
2025-10-30,1688.83,1690.69,1661.48,1669.57,762462900.0,VNINDEX
2025-10-29,1685.9,1695.99,1672.0,1685.83,822913000.0,VNINDEX
2025-10-28,1647.73,1680.5,1621.52,1680.5,876121500.0,VNINDEX
2025-10-27,1696.45,1697.16,1652.54,1652.54,902697800.0,VNINDEX
2025-10-24,1684.88,1691.69,1660.32,1683.18,915573500.0,VNINDEX
2025-10-23,1680.73,1698.01,1669.78,1687.06,698675200.0,VNINDEX
2025-10-22,1678.82,1678.82,1628.37,1678.5,909829300.0,VNINDEX
2025-10-21,1640.8,1677.11,1622.37,1663.43,1543512300.0,VNINDEX
2025-10-20,1723.59,1727.11,1636.43,1636.43,1634751100.0,VNINDEX
2025-10-17,1773.17,1773.17,1725.1,1731.19,1220064400.0,VNINDEX
2025-10-16,1764.51,1768.51,1753.5,1766.85,1086412300.0,VNINDEX
2025-10-15,1766.12,1773.73,1754.89,1757.95,1106642900.0,VNINDEX
2025-10-14,1782.97,1794.58,1753.25,1761.06,1489829500.0,VNINDEX
2025-10-13,1738.23,1766.77,1736.03,1765.12,1230255900.0,VNINDEX
2025-10-10,1725.27,1747.61,1721.76,1747.55,997548900.0,VNINDEX
2025-10-09,1702.76,1717.65,1699.17,1716.47,1042461100.0,VNINDEX
2025-10-08,1701.06,1704.42,1680.87,1697.83,1015807200.0,VNINDEX
2025-10-07,1703.9,1703.9,1685.3,1685.3,798268000.0,VNINDEX
2025-10-06,1673.16,1695.5,1664.17,1695.5,1004353300.0,VNINDEX
2025-10-03,1652.39,1654.6,1638.6,1645.82,814035900.0,VNINDEX
2025-10-02,1668.04,1679.73,1646.82,1652.71,735169100.0,VNINDEX
2025-10-01,1664.95,1671.07,1658.81,1665.05,665999631.0,VNINDEX
2025-09-30,1667.86,1676.8,1645.97,1661.7,1048023100.0,VNINDEX
2025-09-29,1659.33,1674.84,1655.03,1666.48,808013800.0,VNINDEX
2025-09-26,1666.68,1671.43,1657.94,1660.7,898582900.0,VNINDEX
2025-09-25,1661.08,1668.21,1654.47,1666.09,914166300.0,VNINDEX
2025-09-24,1635.36,1657.46,1619.09,1657.46,941711600.0,VNINDEX
2025-09-23,1635.12,1643.59,1627.58,1635.26,656581700.0,VNINDEX
2025-09-22,1656.66,1659.13,1616.02,1634.45,1138116600.0,VNINDEX
2025-09-19,1671.24,1671.77,1641.19,1658.62,863406000.0,VNINDEX
2025-09-18,1675.85,1679.63,1654.32,1665.18,862910500.0,VNINDEX
2025-09-17,1678.26,1684.62,1670.97,1670.97,966202500.0,VNINDEX
2025-09-16,1696.87,1696.87,1677.03,1680.9,1231633000.0,VNINDEX
2025-09-15,1672.59,1684.9,1668.09,1684.9,1121401900.0,VNINDEX
2025-09-12,1662.02,1670.62,1653.79,1667.26,1005649800.0,VNINDEX
2025-09-11,1638.75,1659.19,1605.76,1657.75,1196354700.0,VNINDEX
2025-09-10,1646.41,1646.49,1629.29,1643.26,832485600.0,VNINDEX
2025-09-09,1629.58,1637.39,1613.01,1637.32,1011989000.0,VNINDEX
2025-09-08,1660.91,1667.36,1624.53,1624.53,1768694200.0,VNINDEX
2025-09-05,1705.13,1711.49,1666.97,1666.97,1650029500.0,VNINDEX
2025-09-04,1687.59,1696.34,1675.95,1696.29,1288263500.0,VNINDEX
2025-09-03,1682.11,1685.73,1670.39,1681.3,1240085300.0,VNINDEX
2025-08-29,1690.11,1694.42,1678.57,1682.21,1459616300.0,VNINDEX
2025-08-28,1679.33,1684.16,1659.68,1680.86,1097695300.0,VNINDEX
2025-08-27,1678.54,1696.6,1667.63,1673.0,1476068800.0,VNINDEX
2025-08-26,1611.61,1667.96,1603.73,1667.63,1228363400.0,VNINDEX
2025-08-25,1659.7,1660.49,1608.53,1614.03,1448034200.0,VNINDEX
2025-08-22,1680.42,1689.3,1629.49,1645.47,2174708349.0,VNINDEX
2025-08-21,1674.76,1693.68,1664.36,1688.0,1634742500.0,VNINDEX
2025-08-20,1662.11,1665.54,1614.6,1664.36,2279170600.0,VNINDEX
2025-08-19,1646.73,1665.48,1636.37,1654.2,1787804100.0,VNINDEX
2025-08-18,1638.37,1642.71,1625.61,1636.37,1513014800.0,VNINDEX
2025-08-15,1658.24,1665.97,1622.98,1630.0,2010453300.0,VNINDEX
2025-08-14,1623.18,1641.28,1611.6,1640.69,1751198200.0,VNINDEX
2025-08-13,1615.57,1616.99,1585.54,1611.6,1861891600.0,VNINDEX
2025-08-12,1603.5,1608.23,1591.18,1608.22,1582473500.0,VNINDEX
2025-08-11,1590.98,1601.79,1586.21,1600.41,1588653000.0,VNINDEX
2025-08-08,1589.58,1589.58,1565.45,1584.95,1816206000.0,VNINDEX
2025-08-07,1587.84,1587.84,1567.72,1581.81,1604082400.0,VNINDEX
2025-08-06,1558.56,1573.71,1551.6,1573.71,1324819200.0,VNINDEX
2025-08-05,1547.19,1584.98,1519.08,1547.15,2695361600.0,VNINDEX
2025-08-04,1493.37,1528.37,1491.11,1528.19,1227892200.0,VNINDEX
2025-08-01,1502.26,1512.15,1482.45,1507.63,1619066300.0,VNINDEX
2025-07-31,1521.96,1522.39,1488.3,1502.52,1650159600.0,VNINDEX
2025-07-30,1502.26,1512.15,1482.45,1507.63,1619066300.0,VNINDEX
2025-07-29,1562.6,1564.92,1489.93,1493.41,2641155500.0,VNINDEX
2025-07-28,1541.87,1558.12,1538.72,1557.42,1786939000.0,VNINDEX
2025-07-25,1521.56,1534.51,1521.52,1531.13,1404476000.0,VNINDEX
2025-07-24,1520.25,1525.32,1502.82,1521.02,1389163200.0,VNINDEX
2025-07-23,1519.58,1523.37,1507.14,1512.31,1438007400.0,VNINDEX
2025-07-22,1484.15,1509.67,1476.61,1509.54,1229770900.0,VNINDEX
2025-07-21,1508.6,1511.96,1485.05,1485.05,1388123900.0,VNINDEX
2025-07-18,1497.53,1501.2,1484.29,1497.28,1458843700.0,VNINDEX
2025-07-17,1481.79,1494.36,1481.44,1490.01,1404149000.0,VNINDEX
2025-07-16,1459.87,1467.52,1457.31,1467.19,1217850400.0,VNINDEX
2025-07-15,1473.8,1476.32,1460.49,1460.65,1331406200.0,VNINDEX
2025-07-14,1471.4,1473.93,1447.72,1470.42,1255895600.0,VNINDEX
2025-07-11,1451.12,1463.91,1448.29,1457.76,1231433400.0,VNINDEX
2025-07-10,1437.18,1446.16,1434.06,1445.64,1073003900.0,VNINDEX
2025-07-09,1421.12,1432.29,1420.26,1431.32,1430114600.0,VNINDEX
2025-07-08,1406.8,1415.76,1403.36,1415.46,1174200000.0,VNINDEX
2025-07-07,1393.34,1402.45,1393.24,1402.06,1229755700.0,VNINDEX
2025-07-04,1385.19,1388.04,1379.4,1386.97,834459400.0,VNINDEX
2025-07-03,1381.64,1392.39,1377.06,1381.96,1314346000.0,VNINDEX
2025-07-02,1377.26,1384.82,1375.26,1384.59,848402400.0,VNINDEX
2025-07-01,1378.14,1382.16,1369.74,1377.84,724810900.0,VNINDEX
2025-06-30,1375.76,1377.3,1372.03,1376.07,635988400.0,VNINDEX
2025-06-27,1369.13,1373.28,1362.09,1371.44,677408300.0,VNINDEX
2025-06-26,1368.73,1370.61,1360.78,1365.67,598388700.0,VNINDEX
2025-06-25,1369.05,1371.57,1365.47,1366.75,732668400.0,VNINDEX
2025-06-24,1365.69,1371.24,1362.05,1366.77,881075100.0,VNINDEX
2025-06-23,1345.24,1358.43,1338.49,1358.18,733716900.0,VNINDEX
2025-06-20,1354.69,1356.78,1347.36,1349.35,777899400.0,VNINDEX
2025-06-19,1346.33,1353.96,1342.08,1352.04,650526500.0,VNINDEX
2025-06-18,1350.17,1353.99,1341.64,1346.83,765955700.0,VNINDEX
2025-06-17,1343.7,1353.01,1339.39,1347.69,761925600.0,VNINDEX
2025-06-16,1314.05,1338.72,1313.4,1338.11,777670300.0,VNINDEX
2025-06-13,1313.08,1321.0,1304.12,1315.49,1162899800.0,VNINDEX
2025-06-12,1321.25,1326.03,1316.8,1322.99,810608400.0,VNINDEX
2025-06-11,1322.07,1322.07,1306.18,1315.2,539249500.0,VNINDEX
2025-06-10,1307.74,1323.61,1307.74,1316.23,702363000.0,VNINDEX
2025-06-09,1329.66,1331.56,1310.57,1310.57,717959400.0,VNINDEX
2025-06-06,1339.13,1341.78,1329.67,1329.89,900021900.0,VNINDEX
2025-06-05,1346.33,1347.14,1336.11,1342.09,756220200.0,VNINDEX
2025-06-04,1350.52,1351.14,1341.53,1345.74,951867300.0,VNINDEX
2025-06-03,1341.31,1350.89,1339.56,1347.25,1034161500.0,VNINDEX
2025-06-02,1330.71,1336.77,1322.95,1336.3,859792300.0,VNINDEX
2025-05-30,1343.32,1344.32,1328.74,1332.6,909874900.0,VNINDEX
2025-05-29,1346.54,1348.31,1335.62,1341.86,894512900.0,VNINDEX
2025-05-28,1344.08,1348.05,1337.18,1341.87,898070400.0,VNINDEX
2025-05-27,1338.09,1339.84,1329.6,1339.81,1087996400.0,VNINDEX
2025-05-26,1317.01,1332.6,1288.86,1332.51,995694500.0,VNINDEX
2025-05-23,1313.93,1320.07,1308.62,1314.46,670601900.0,VNINDEX
2025-05-22,1319.97,1331.93,1312.82,1313.84,1175703300.0,VNINDEX
2025-05-21,1329.83,1331.6,1313.13,1323.05,1054310500.0,VNINDEX
2025-05-20,1298.62,1316.67,1298.62,1315.15,917183900.0,VNINDEX
2025-05-19,1293.61,1306.2,1291.66,1296.29,888012900.0,VNINDEX
2025-05-16,1314.25,1316.53,1299.1,1301.39,891476200.0,VNINDEX
2025-05-15,1314.19,1316.54,1301.61,1313.2,1113717600.0,VNINDEX
2025-05-14,1295.3,1312.1,1294.66,1309.73,982402600.0,VNINDEX
2025-05-13,1292.75,1294.06,1285.53,1293.43,947202300.0,VNINDEX
2025-05-12,1272.66,1283.86,1267.7,1283.26,897833900.0,VNINDEX
2025-05-09,1274.5,1275.47,1264.87,1267.3,732307300.0,VNINDEX
2025-05-08,1255.34,1253.31,1240.67,1269.8,828921500.0,VNINDEX
2025-05-07,1241.1,1250.79,1240.67,1250.37,695727500.0,VNINDEX
2025-05-06,1244.3,1251.02,1240.75,1241.95,723040799.0,VNINDEX
2025-05-05,1233.97,1241.51,1228.5,1240.05,561923200.0,VNINDEX
2025-04-29,1227.25,1229.1,1222.3,1226.3,561661016.0,VNINDEX
2025-04-28,1234.3,1234.3,1222.56,1226.8,576313016.0,VNINDEX
2025-04-25,1227.16,1230.72,1220.67,1229.23,787289901.0,VNINDEX
2025-04-24,1214.78,1224.66,1210.37,1223.35,741455786.0,VNINDEX
2025-04-23,1215.65,1216.28,1202.27,1211.0,786534109.0,VNINDEX
2025-04-22,1201.38,1203.82,1136.98,1197.13,1615665359.0,VNINDEX
2025-04-21,1220.38,1222.77,1201.63,1207.07,819133019.0,VNINDEX
2025-04-18,1228.37,1234.67,1219.12,1219.12,1039406282.0,VNINDEX
2025-04-17,1201.63,1217.25,1197.5,1217.25,697087594.0,VNINDEX
2025-04-16,1225.29,1233.84,1205.93,1210.3,762327891.0,VNINDEX
2025-04-15,1233.2,1246.21,1221.75,1227.79,1004299988.0,VNINDEX
2025-04-14,1235.01,1242.94,1226.06,1241.44,983147350.0,VNINDEX
2025-04-11,1198.25,1222.46,1180.59,1222.46,1697947853.0,VNINDEX
2025-04-10,1166.09,1168.4,1165.86,1168.34,280341215.0,VNINDEX
2025-04-09,1073.61,1141.35,1073.61,1094.3,1518648938.0,VNINDEX
2025-04-08,1173.14,1174.4,1130.98,1132.79,1055789483.0,VNINDEX
2025-04-04,1159.33,1210.67,1158.17,1210.67,1873633940.0,VNINDEX
2025-04-03,1272.87,1277.9,1229.41,1229.84,1716843434.0,VNINDEX
2025-04-02,1321.53,1324.46,1317.68,1317.83,709130132.0,VNINDEX
2025-04-01,1313.03,1317.46,1308.06,1317.33,550211861.0,VNINDEX
2025-03-31,1313.51,1314.09,1304.1,1306.86,753141476.0,VNINDEX
2025-03-28,1324.42,1325.34,1315.72,1317.46,635792433.0,VNINDEX
2025-03-27,1325.98,1328.82,1323.01,1323.81,564278774.0,VNINDEX
2025-03-26,1333.33,1338.55,1323.69,1326.09,734761077.0,VNINDEX
2025-03-25,1335.29,1337.6,1329.81,1331.92,825911387.0,VNINDEX
2025-03-24,1322.9,1330.32,1316.73,1330.32,794981660.0,VNINDEX
2025-03-21,1324.0,1325.22,1320.67,1321.88,714329789.0,VNINDEX
2025-03-20,1326.8,1332.41,1316.11,1323.93,821245236.0,VNINDEX
2025-03-19,1330.4,1330.7,1320.85,1324.63,835603365.0,VNINDEX
2025-03-18,1340.16,1341.65,1330.97,1330.97,810147102.0,VNINDEX
2025-03-17,1330.62,1336.26,1329.05,1336.26,837533176.0,VNINDEX
2025-03-14,1325.84,1333.32,1324.3,1326.15,939830088.0,VNINDEX
2025-03-13,1335.66,1340.91,1324.87,1326.27,997493162.0,VNINDEX
2025-03-12,1337.87,1342.91,1331.75,1334.41,851269716.0,VNINDEX
2025-03-11,1319.17,1332.54,1315.92,1332.54,847446213.0,VNINDEX
2025-03-10,1331.6,1335.87,1326.51,1330.28,856953551.0,VNINDEX
2025-03-07,1320.1,1327.07,1318.71,1326.05,892233477.0,VNINDEX
2025-03-06,1308.02,1318.22,1307.91,1318.22,983977939.0,VNINDEX
2025-03-05,1312.84,1319.52,1304.71,1304.71,770488829.0,VNINDEX
2025-03-04,1306.82,1313.21,1298.28,1311.91,935914817.0,VNINDEX
2025-03-03,1306.97,1309.77,1304.3,1309.37,801877821.0,VNINDEX
2025-02-28,1307.14,1308.77,1300.66,1305.36,752261254.0,VNINDEX
2025-02-27,1307.31,1307.87,1296.43,1307.8,846430144.0,VNINDEX
2025-02-26,1305.16,1306.49,1301.2,1302.96,710467326.0,VNINDEX
2025-02-25,1306.86,1309.97,1298.54,1303.16,827866418.0,VNINDEX
2025-02-24,1298.29,1304.56,1294.69,1304.56,807662797.0,VNINDEX
2025-02-21,1293.63,1296.75,1290.98,1296.75,667595047.0,VNINDEX
2025-02-20,1292.94,1295.82,1290.84,1292.98,713812172.0,VNINDEX
2025-02-19,1280.6,1288.56,1278.92,1288.56,736572664.0,VNINDEX
2025-02-18,1274.05,1283.34,1272.19,1278.14,630727837.0,VNINDEX
2025-02-17,1277.12,1278.49,1272.72,1272.72,739296299.0,VNINDEX
2025-02-14,1277.52,1280.6,1274.0,1276.08,612730570.0,VNINDEX
2025-02-13,1267.25,1270.67,1263.85,1270.35,471455473.0,VNINDEX
2025-02-12,1270.83,1272.86,1266.59,1266.91,461572874.0,VNINDEX
2025-02-11,1265.44,1268.45,1263.11,1268.45,571766983.0,VNINDEX
2025-02-10,1272.27,1274.47,1263.26,1263.26,722097200.0,VNINDEX
2025-02-07,1271.98,1279.35,1269.11,1275.2,549313151.0,VNINDEX
2025-02-06,1273.58,1275.47,1268.28,1271.48,537101428.0,VNINDEX
2025-02-05,1268.43,1271.8,1266.18,1269.61,533621747.0,VNINDEX
2025-02-04,1256.91,1264.68,1255.44,1264.68,584665483.0,VNINDEX
2025-01-24,1259.26,1265.38,1258.46,1265.05,495593378.0,VNINDEX
2025-01-23,1245.59,1263.59,1244.77,1259.63,495614623.0,VNINDEX
2025-01-22,1248.26,1249.14,1242.53,1242.53,400238906.0,VNINDEX
2025-01-21,1252.75,1254.17,1243.08,1246.09,377031582.0,VNINDEX
2025-01-20,1250.13,1253.02,1247.5,1249.55,356668087.0,VNINDEX
2025-01-17,1242.38,1249.11,1239.63,1249.11,356809485.0,VNINDEX
2025-01-16,1241.74,1245.4,1235.56,1242.36,401866522.0,VNINDEX
2025-01-15,1233.29,1237.46,1231.13,1236.18,392612592.0,VNINDEX
2025-01-14,1234.77,1235.54,1226.7,1229.07,322277955.0,VNINDEX
2025-01-13,1226.66,1235.65,1220.87,1235.65,434026581.0,VNINDEX
2025-01-10,1245.6,1247.8,1230.48,1230.48,474210876.0,VNINDEX
2025-01-09,1250.56,1253.26,1242.9,1245.77,290493053.0,VNINDEX
2025-01-08,1246.16,1251.02,1239.67,1251.02,367525429.0,VNINDEX
2025-01-07,1249.19,1251.28,1248.11,1248.78,73908334.0,VNINDEX
2025-01-06,1254.79,1260.37,1244.87,1246.35,515112770.0,VNINDEX
2025-01-03,1268.74,1269.01,1254.59,1254.59,504666610.0,VNINDEX
2025-01-02,1268.96,1271.13,1263.25,1269.71,371654586.0,VNINDEX
2024-12-31,1272.25,1272.46,1266.78,1266.78,407171783.0,VNINDEX
2024-12-30,1273.75,1274.15,1268.77,1272.02,452946957.0,VNINDEX
2024-12-27,1275.56,1277.89,1272.23,1275.14,579882989.0,VNINDEX
2024-12-26,1275.68,1277.17,1271.99,1272.87,502071890.0,VNINDEX
2024-12-25,1262.03,1283.09,1261.87,1274.04,724345690.0,VNINDEX
2024-12-24,1263.03,1263.05,1253.78,1260.36,520744496.0,VNINDEX
2024-12-23,1262.45,1265.2,1261.62,1262.76,381648115.0,VNINDEX
2024-12-20,1255.6,1259.0,1253.9,1257.5,441564886.0,VNINDEX
2024-12-19,1256.9,1259.76,1249.39,1254.67,662711061.0,VNINDEX
2024-12-18,1262.57,1266.53,1261.49,1266.0,391882514.0,VNINDEX
2024-12-17,1264.95,1265.45,1260.6,1261.72,358215576.0,VNINDEX
2024-12-16,1264.03,1267.1,1258.65,1263.79,385861320.0,VNINDEX
2024-12-13,1264.98,1266.55,1260.48,1262.57,395226300.0,VNINDEX
2024-12-12,1270.86,1275.64,1265.99,1267.35,487930453.0,VNINDEX
2024-12-11,1273.23,1276.67,1264.15,1268.86,501800464.0,VNINDEX
2024-12-10,1274.29,1277.32,1270.32,1272.07,499629205.0,VNINDEX
2024-12-09,1271.46,1277.69,1268.69,1273.84,584652263.0,VNINDEX
2024-12-06,1270.96,1276.1,1268.58,1270.14,599525392.0,VNINDEX
2024-12-05,1241.81,1269.18,1238.49,1267.53,839923489.0,VNINDEX
2024-12-04,1247.34,1247.78,1239.82,1240.41,505237488.0,VNINDEX
2024-12-03,1251.43,1253.83,1244.91,1249.83,477509695.0,VNINDEX
2024-12-02,1255.73,1258.05,1247.74,1251.21,388759584.0,VNINDEX
2024-11-29,1242.51,1250.92,1241.0,1250.46,427885583.0,VNINDEX
2024-11-28,1246.37,1250.46,1240.91,1242.11,414791382.0,VNINDEX
2024-11-27,1241.36,1245.34,1239.23,1241.97,366063077.0,VNINDEX
2024-11-26,1235.63,1246.83,1235.22,1242.13,503889875.0,VNINDEX
2024-11-25,1229.39,1236.57,1229.02,1234.7,409112104.0,VNINDEX
2024-11-22,1228.95,1233.42,1226.33,1228.1,453742385.0,VNINDEX
2024-11-21,1217.3,1228.55,1214.06,1228.33,427350380.0,VNINDEX
2024-11-20,1203.71,1222.73,1197.99,1216.54,649274185.0,VNINDEX
2024-11-19,1220.68,1221.4,1205.15,1205.15,437479185.0,VNINDEX
2024-11-18,1218.3,1225.38,1204.6,1217.12,555960091.0,VNINDEX
2024-11-15,1229.36,1229.59,1217.03,1218.57,668031264.0,VNINDEX
2024-11-14,1243.85,1247.07,1231.69,1231.89,555483270.0,VNINDEX
2024-11-13,1242.94,1247.04,1234.62,1246.04,587203568.0,VNINDEX
2024-11-12,1251.79,1257.02,1242.91,1244.82,516346103.0,VNINDEX
2024-11-11,1253.81,1253.87,1241.29,1250.32,712083666.0,VNINDEX
2024-11-08,1262.84,1264.09,1250.77,1252.56,503244952.0,VNINDEX
2024-11-07,1266.61,1267.09,1259.75,1259.75,470366654.0,VNINDEX
2024-11-06,1251.22,1262.44,1250.57,1261.28,502638895.0,VNINDEX
2024-11-05,1244.85,1248.97,1243.55,1245.76,332607121.0,VNINDEX
2024-11-04,1255.92,1256.96,1242.36,1244.71,589307714.0,VNINDEX
2024-11-01,1262.39,1264.67,1254.33,1254.89,537480675.0,VNINDEX
2024-10-31,1260.23,1267.88,1255.55,1264.48,469049009.0,VNINDEX
2024-10-30,1263.57,1264.84,1255.07,1258.63,475263319.0,VNINDEX
2024-10-29,1258.03,1262.38,1257.43,1261.78,490665420.0,VNINDEX
2024-10-28,1252.76,1255.18,1250.94,1254.77,400508458.0,VNINDEX
2024-10-25,1260.94,1261.72,1251.75,1252.72,525129703.0,VNINDEX
2024-10-24,1271.17,1274.11,1257.41,1257.41,592565307.0,VNINDEX
2024-10-23,1270.58,1273.21,1263.26,1270.9,535847404.0,VNINDEX
2024-10-22,1280.21,1280.21,1265.44,1269.89,728502963.0,VNINDEX
2024-10-21,1284.17,1287.71,1279.77,1279.77,580256611.0,VNINDEX
2024-10-18,1291.16,1294.1,1285.46,1285.46,607856932.0,VNINDEX
2024-10-17,1282.65,1286.52,1271.82,1286.52,617838632.0,VNINDEX
2024-10-16,1279.86,1283.33,1276.4,1279.48,482243077.0,VNINDEX
2024-10-15,1287.81,1294.05,1279.81,1281.08,675124538.0,VNINDEX
2024-10-14,1296.54,1297.67,1286.13,1286.34,670466089.0,VNINDEX
2024-10-11,1287.66,1289.37,1283.56,1288.39,479872804.0,VNINDEX
2024-10-10,1289.61,1294.33,1284.97,1286.36,665299882.0,VNINDEX
2024-10-09,1273.96,1283.01,1273.04,1281.85,643343758.0,VNINDEX
2024-10-08,1271.98,1275.82,1266.94,1271.98,650356225.0,VNINDEX
2024-10-07,1275.59,1278.61,1264.65,1269.93,497177577.0,VNINDEX
2024-10-04,1278.9,1279.33,1270.6,1270.6,568802884.0,VNINDEX
2024-10-03,1288.45,1299.36,1276.51,1278.1,1009745574.0,VNINDEX
2024-10-02,1289.65,1293.69,1285.14,1287.84,677770682.0,VNINDEX
2024-10-01,1290.68,1302.22,1290.68,1292.2,922799879.0,VNINDEX
2024-09-30,1290.17,1292.03,1283.92,1287.94,693266986.0,VNINDEX
2024-09-27,1295.03,1300.31,1287.21,1290.92,874903594.0,VNINDEX
2024-09-26,1290.03,1298.71,1289.15,1291.49,889834232.0,VNINDEX
2024-09-25,1282.48,1288.44,1280.47,1287.48,904057882.0,VNINDEX
2024-09-24,1268.25,1276.99,1266.68,1276.99,493764676.0,VNINDEX
2024-09-23,1275.15,1276.99,1267.87,1268.48,455722792.0,VNINDEX
2024-09-20,1277.73,1283.3,1272.04,1272.04,840427365.0,VNINDEX
2024-09-19,1268.08,1271.27,1264.82,1271.27,477857099.0,VNINDEX
2024-09-18,1261.23,1271.77,1257.93,1264.9,598374612.0,VNINDEX
2024-09-17,1240.0,1258.95,1238.69,1258.95,460744690.0,VNINDEX
2024-09-16,1251.08,1255.42,1239.26,1239.26,453594647.0,VNINDEX
2024-09-13,1253.48,1254.24,1248.78,1251.71,383058286.0,VNINDEX
2024-09-12,1258.42,1260.93,1255.87,1256.35,381112469.0,VNINDEX
2024-09-11,1254.25,1256.86,1244.79,1253.27,517736132.0,VNINDEX
2024-09-10,1269.83,1271.83,1252.22,1255.23,601503586.0,VNINDEX
2024-09-09,1269.83,1269.92,1262.97,1267.73,433845957.0,VNINDEX
2024-09-06,1268.26,1274.44,1262.94,1273.96,514936954.0,VNINDEX
2024-09-05,1276.35,1282.21,1266.05,1268.21,594426347.0,VNINDEX
2024-09-04,1271.39,1277.27,1268.43,1275.8,588157743.0,VNINDEX
2024-08-30,1283.61,1286.84,1282.58,1283.87,510780520.0,VNINDEX
2024-08-29,1281.15,1288.2,1280.24,1281.47,580472955.0,VNINDEX
2024-08-28,1283.41,1285.72,1276.9,1281.44,658163171.0,VNINDEX
2024-08-27,1279.55,1282.92,1274.7,1280.56,589958790.0,VNINDEX
2024-08-26,1289.65,1290.45,1278.72,1280.02,691695175.0,VNINDEX
2024-08-23,1283.22,1287.43,1276.43,1285.32,635652586.0,VNINDEX
2024-08-22,1287.34,1288.42,1280.42,1282.78,612261817.0,VNINDEX
2024-08-21,1272.34,1284.05,1268.91,1284.05,715820941.0,VNINDEX
2024-08-20,1263.65,1275.95,1263.65,1272.55,772109946.0,VNINDEX
2024-08-19,1258.48,1263.84,1256.45,1261.62,609838096.0,VNINDEX
2024-08-16,1228.27,1253.24,1227.94,1252.23,917105181.0,VNINDEX
2024-08-15,1230.58,1231.69,1222.28,1223.56,432238084.0,VNINDEX
2024-08-14,1233.7,1236.51,1228.93,1230.36,443199063.0,VNINDEX
2024-08-13,1229.81,1231.55,1223.01,1230.42,488342076.0,VNINDEX
2024-08-12,1225.95,1231.46,1221.16,1230.28,494561906.0,VNINDEX
2024-08-09,1215.3,1225.02,1212.4,1223.64,544376076.0,VNINDEX
2024-08-08,1212.09,1219.97,1202.58,1208.32,639430907.0,VNINDEX
2024-08-07,1216.96,1217.79,1205.11,1215.88,510053227.0,VNINDEX
2024-08-06,1197.52,1213.35,1186.74,1210.28,612786967.0,VNINDEX
2024-08-05,1219.23,1220.99,1184.53,1188.07,942539362.0,VNINDEX
2024-08-02,1215.67,1236.6,1209.77,1236.6,657668495.0,VNINDEX
2024-08-01,1254.59,1257.85,1222.51,1226.96,852236557.0,VNINDEX
2024-07-31,1247.45,1255.77,1246.3,1251.51,685424883.0,VNINDEX
2024-07-30,1247.23,1248.73,1236.97,1245.06,602295248.0,VNINDEX
2024-07-29,1247.71,1249.68,1243.08,1246.6,464635925.0,VNINDEX
2024-07-26,1235.21,1242.11,1234.05,1242.11,417284760.0,VNINDEX
2024-07-25,1233.08,1235.67,1226.2,1233.19,421018935.0,VNINDEX
2024-07-24,1225.5,1242.4,1218.65,1238.47,658298854.0,VNINDEX
2024-07-23,1256.72,1258.74,1231.81,1231.81,662854184.0,VNINDEX
2024-07-22,1261.42,1267.43,1245.02,1254.64,834239155.0,VNINDEX
2024-07-19,1275.28,1279.94,1260.68,1264.78,724064305.0,VNINDEX
2024-07-18,1270.95,1274.67,1256.21,1274.44,652387299.0,VNINDEX
2024-07-17,1286.07,1290.76,1256.42,1268.66,1174012593.0,VNINDEX
2024-07-16,1282.83,1291.47,1279.37,1281.18,637193906.0,VNINDEX
2024-07-15,1284.14,1286.37,1276.27,1279.82,474355391.0,VNINDEX
2024-07-12,1284.79,1288.67,1277.16,1280.75,546826260.0,VNINDEX
2024-07-11,1291.14,1293.32,1283.8,1283.8,636329860.0,VNINDEX
2024-07-10,1295.57,1297.96,1285.94,1285.94,677540818.0,VNINDEX
2024-07-09,1286.33,1294.15,1283.62,1293.71,757405945.0,VNINDEX
2024-07-08,1285.34,1287.14,1277.68,1283.56,766898184.0,VNINDEX
2024-07-05,1281.21,1284.98,1276.93,1283.04,589214874.0,VNINDEX
2024-07-04,1278.87,1283.13,1274.58,1279.89,475715974.0,VNINDEX
2024-07-03,1273.26,1278.14,1268.23,1276.85,501940903.0,VNINDEX
2024-07-02,1258.87,1270.47,1257.93,1269.79,470398369.0,VNINDEX
2024-07-01,1246.33,1254.56,1240.07,1254.56,432926586.0,VNINDEX
2024-06-28,1260.27,1262.61,1240.15,1245.32,671571132.0,VNINDEX
2024-06-27,1260.71,1262.49,1255.12,1259.09,469971852.0,VNINDEX
2024-06-26,1258.95,1262.67,1247.55,1261.24,589076995.0,VNINDEX
2024-06-25,1255.77,1260.07,1250.25,1256.56,548064547.0,VNINDEX
2024-06-24,1281.07,1284.84,1252.66,1254.12,1098139948.0,VNINDEX
2024-06-21,1285.07,1288.06,1279.44,1282.02,702730366.0,VNINDEX
2024-06-20,1280.98,1286.54,1273.54,1282.3,818093366.0,VNINDEX
2024-06-19,1283.0,1284.14,1270.66,1279.79,767937021.0,VNINDEX
2024-06-18,1279.39,1286.52,1278.38,1279.5,633200730.0,VNINDEX
2024-06-17,1282.08,1283.1,1272.54,1274.77,780427600.0,VNINDEX
2024-06-14,1303.24,1305.02,1279.91,1279.91,1009516769.0,VNINDEX
2024-06-13,1305.69,1306.01,1297.6,1301.51,829277993.0,VNINDEX
2024-06-12,1285.01,1301.35,1281.71,1300.19,771489483.0,VNINDEX
2024-06-11,1295.03,1296.41,1279.47,1284.41,859350069.0,VNINDEX
2024-06-10,1292.67,1297.39,1287.44,1290.67,778969124.0,VNINDEX
2024-06-07,1289.05,1293.03,1283.13,1287.58,604714800.0,VNINDEX
2024-06-06,1288.53,1292.02,1278.4,1283.56,798030139.0,VNINDEX
2024-06-05,1287.12,1293.93,1284.35,1284.35,810151817.0,VNINDEX
2024-06-04,1285.51,1289.31,1281.98,1283.52,785852881.0,VNINDEX
2024-06-03,1271.65,1284.48,1271.65,1280.0,930986500.0,VNINDEX
2024-05-31,1268.37,1271.07,1261.43,1261.72,617744480.0,VNINDEX
2024-05-30,1264.45,1269.07,1251.8,1266.32,958527286.0,VNINDEX
2024-05-29,1284.74,1285.63,1271.6,1272.64,967107344.0,VNINDEX
2024-05-28,1272.23,1281.73,1269.37,1281.73,744093359.0,VNINDEX
2024-05-27,1263.46,1267.68,1257.27,1267.68,598633585.0,VNINDEX
2024-05-24,1276.68,1285.07,1250.28,1261.93,1244899730.0,VNINDEX
2024-05-23,1265.6,1281.03,1262.29,1281.03,833706141.0,VNINDEX
2024-05-22,1280.26,1283.06,1263.87,1266.91,987225260.0,VNINDEX
2024-05-21,1277.85,1281.29,1267.29,1277.14,838130935.0,VNINDEX
2024-05-20,1281.5,1285.19,1277.36,1277.58,957731071.0,VNINDEX
2024-05-16,1264.51,1271.66,1261.19,1268.78,808757789.0,VNINDEX
2024-05-15,1248.61,1257.92,1248.02,1254.39,759307900.0,VNINDEX
2024-05-14,1246.23,1252.52,1240.88,1243.28,529128121.0,VNINDEX
2024-05-13,1248.19,1249.2,1233.56,1240.18,637079540.0,VNINDEX
2024-05-10,1251.78,1252.5,1237.46,1244.7,668302103.0,VNINDEX
2024-05-09,1252.81,1256.8,1243.29,1248.64,641634639.0,VNINDEX
2024-05-08,1243.32,1251.62,1234.76,1250.46,820182331.0,VNINDEX
2024-05-07,1245.5,1250.63,1240.09,1248.63,705355094.0,VNINDEX
2024-05-06,1226.89,1241.58,1224.22,1241.58,850534630.0,VNINDEX
2024-05-03,1222.54,1225.75,1218.33,1221.03,624128817.0,VNINDEX
2024-05-02,1212.13,1216.36,1206.28,1216.36,514112523.0,VNINDEX
2024-04-26,1199.83,1216.6,1198.73,1209.52,574398922.0,VNINDEX
2024-04-25,1206.25,1208.41,1200.21,1204.97,489117744.0,VNINDEX
2024-04-24,1186.47,1207.61,1185.13,1205.61,691468850.0,VNINDEX
2024-04-23,1190.56,1192.8,1169.61,1177.4,672944408.0,VNINDEX
2024-04-22,1186.66,1193.88,1181.13,1190.22,616214281.0,VNINDEX
2024-04-19,1180.87,1190.96,1165.99,1174.85,1024739012.0,VNINDEX
2024-04-17,1221.47,1221.47,1193.01,1193.01,766171793.0,VNINDEX
2024-04-16,1218.64,1222.45,1191.73,1215.68,1214696265.0,VNINDEX
2024-04-15,1274.02,1281.81,1216.61,1216.61,1317882799.0,VNINDEX
2024-04-12,1262.96,1278.39,1259.5,1276.6,696705294.0,VNINDEX
2024-04-11,1249.88,1262.03,1248.11,1258.2,642868552.0,VNINDEX
2024-04-10,1266.48,1268.72,1258.56,1258.56,633149400.0,VNINDEX
2024-04-09,1252.4,1262.82,1247.7,1262.82,648177200.0,VNINDEX
2024-04-08,1255.37,1258.4,1246.87,1250.35,790344900.0,VNINDEX
2024-04-05,1258.58,1265.14,1253.56,1255.11,1040744955.0,VNINDEX
2024-04-04,1271.87,1277.62,1265.12,1268.25,921606498.0,VNINDEX
2024-04-03,1285.3,1288.99,1271.47,1271.47,995889194.0,VNINDEX
2024-04-02,1276.38,1287.04,1268.48,1287.04,1031022100.0,VNINDEX
2024-04-01,1282.84,1286.8,1274.09,1281.52,899388445.0,VNINDEX
2024-03-29,1292.7,1292.75,1282.44,1284.09,796634597.0,VNINDEX
2024-03-28,1293.03,1293.9,1285.52,1290.18,888387914.0,VNINDEX
2024-03-27,1286.34,1286.72,1276.95,1283.09,803249597.0,VNINDEX
2024-03-26,1267.95,1282.5,1264.42,1282.21,858410797.0,VNINDEX
2024-03-25,1278.86,1286.84,1264.51,1267.86,1165944799.0,VNINDEX
2024-03-22,1281.56,1291.27,1276.38,1281.8,1180760297.0,VNINDEX
2024-03-21,1269.96,1276.42,1264.2,1276.42,1135242297.0,VNINDEX
2024-03-20,1243.79,1261.55,1235.46,1260.08,859094599.0,VNINDEX
2024-03-19,1246.54,1249.75,1238.92,1242.46,782529595.0,VNINDEX
2024-03-18,1266.11,1269.9,1221.67,1243.56,1616423591.0,VNINDEX
2024-03-15,1263.76,1271.63,1252.36,1263.78,1008834596.0,VNINDEX
2024-03-14,1276.0,1276.41,1258.67,1264.26,1021280996.0,VNINDEX
2024-03-13,1250.2,1270.51,1247.64,1270.51,890291796.0,VNINDEX
2024-03-12,1235.4,1248.33,1233.14,1245.0,792213293.0,VNINDEX
2024-03-11,1248.32,1254.01,1233.49,1235.49,922753297.0,VNINDEX
2024-03-08,1272.62,1274.3,1247.35,1247.35,1308498300.0,VNINDEX
2024-03-07,1263.23,1269.88,1260.24,1268.46,948313679.0,VNINDEX
2024-03-06,1269.8,1277.51,1256.3,1262.73,1042550953.0,VNINDEX
2024-03-05,1262.89,1269.98,1257.81,1269.98,927988078.0,VNINDEX
2024-03-04,1264.07,1268.25,1256.54,1261.41,1060758964.0,VNINDEX
2024-03-01,1256.72,1258.76,1247.87,1258.28,891207771.0,VNINDEX
2024-02-29,1259.59,1264.39,1247.7,1252.73,1012951595.0,VNINDEX
2024-02-28,1241.77,1254.55,1236.32,1254.55,899521191.0,VNINDEX
2024-02-27,1228.93,1237.6,1226.49,1237.46,916784879.0,VNINDEX
2024-02-26,1212.93,1225.21,1210.52,1224.17,834749896.0,VNINDEX
2024-02-23,1230.3,1240.81,1211.55,1212.0,1327429358.0,VNINDEX
2024-02-22,1229.85,1232.09,1226.15,1227.31,795921654.0,VNINDEX
2024-02-21,1231.78,1234.22,1222.92,1230.04,886283799.0,VNINDEX
2024-02-20,1227.75,1230.47,1222.66,1230.06,843737899.0,VNINDEX
2024-02-19,1213.24,1225.48,1212.58,1224.97,975154797.0,VNINDEX
2024-02-16,1204.9,1210.25,1204.29,1209.7,783875499.0,VNINDEX
2024-02-15,1203.08,1207.56,1198.81,1202.5,843733099.0,VNINDEX
2024-02-07,1190.51,1199.52,1190.5,1198.53,664714299.0,VNINDEX
2024-02-06,1189.08,1190.92,1185.68,1188.48,566198900.0,VNINDEX
2024-02-05,1174.22,1188.45,1173.54,1186.06,769980098.0,VNINDEX
2024-02-02,1173.93,1178.27,1169.7,1172.55,790605931.0,VNINDEX
2024-02-01,1162.78,1174.5,1162.45,1173.02,578639354.0,VNINDEX
2024-01-31,1181.62,1182.53,1163.13,1164.31,1023847799.0,VNINDEX
2024-01-30,1176.02,1179.92,1174.13,1179.65,564656361.0,VNINDEX
2024-01-29,1177.23,1180.46,1174.88,1175.69,552811296.0,VNINDEX
2024-01-26,1173.43,1176.76,1173.43,1175.67,561824219.0,VNINDEX
2024-01-25,1173.58,1173.83,1168.5,1170.37,538172159.0,VNINDEX
2024-01-24,1175.58,1180.3,1172.0,1172.97,720500188.0,VNINDEX
2024-01-23,1183.96,1184.74,1173.78,1177.5,673842214.0,VNINDEX
2024-01-22,1186.29,1186.96,1175.54,1182.86,871962100.0,VNINDEX
2024-01-19,1171.5,1181.5,1171.47,1181.5,630781700.0,VNINDEX
2024-01-18,1164.32,1169.73,1162.62,1169.06,569563599.0,VNINDEX
2024-01-17,1161.95,1168.46,1160.45,1162.53,694214315.0,VNINDEX
2024-01-16,1150.31,1163.12,1147.71,1163.12,570974548.0,VNINDEX
2024-01-15,1159.37,1163.75,1154.12,1154.12,559640596.0,VNINDEX
2024-01-12,1154.91,1161.91,1146.75,1154.7,1038665399.0,VNINDEX
2024-01-11,1162.49,1169.1,1157.43,1162.22,787237200.0,VNINDEX
2024-01-10,1158.79,1166.1,1155.94,1161.54,936249400.0,VNINDEX
2024-01-09,1161.71,1162.83,1155.46,1158.59,799457699.0,VNINDEX
2024-01-08,1159.42,1162.56,1155.48,1160.19,814410599.0,VNINDEX
2024-01-05,1152.37,1155.84,1149.08,1154.68,760268299.0,VNINDEX
2024-01-04,1145.49,1160.08,1144.32,1150.72,1141646899.0,VNINDEX
2024-01-03,1130.53,1144.17,1128.32,1144.17,657568096.0,VNINDEX
2024-01-02,1136.39,1139.71,1128.69,1131.72,778092693.0,VNINDEX
2023-12-29,1131.75,1135.05,1129.93,1129.93,621075896.0,VNINDEX
2023-12-28,1122.57,1130.58,1120.5,1128.93,614925999.0,VNINDEX
2023-12-27,1123.28,1126.47,1121.99,1121.99,570737700.0,VNINDEX
2023-12-26,1120.11,1123.11,1117.93,1122.25,575288899.0,VNINDEX
2023-12-25,1104.27,1118.31,1104.27,1117.66,551279599.0,VNINDEX
2023-12-22,1103.08,1104.65,1099.32,1103.06,496344599.0,VNINDEX
2023-12-21,1096.22,1102.43,1094.47,1102.43,451416808.0,VNINDEX
2023-12-20,1098.1,1102.27,1093.38,1100.76,470477400.0,VNINDEX
2023-12-19,1091.26,1096.3,1082.29,1096.3,562157577.0,VNINDEX
2023-12-18,1103.36,1103.74,1091.45,1091.88,544995667.0,VNINDEX
2023-12-15,1109.51,1112.79,1102.3,1102.3,684449897.0,VNINDEX
2023-12-14,1119.62,1120.36,1107.86,1110.13,603906899.0,VNINDEX
2023-12-13,1129.94,1131.21,1112.08,1114.2,763976999.0,VNINDEX
2023-12-12,1127.55,1129.77,1123.35,1127.63,540735135.0,VNINDEX
2023-12-11,1127.92,1129.15,1120.32,1125.5,618307398.0,VNINDEX
2023-12-08,1122.09,1127.46,1119.43,1124.44,737605026.0,VNINDEX
2023-12-07,1128.67,1129.83,1109.51,1121.49,1298442633.0,VNINDEX
2023-12-06,1118.06,1126.43,1116.03,1126.43,777008797.0,VNINDEX
2023-12-05,1122.28,1124.11,1113.55,1115.97,753445896.0,VNINDEX
2023-12-04,1107.74,1123.96,1106.62,1120.49,1038038191.0,VNINDEX
2023-12-01,1099.18,1102.2,1090.08,1102.16,569333260.0,VNINDEX
2023-11-30,1101.75,1107.45,1094.13,1094.13,659979598.0,VNINDEX
2023-11-29,1097.28,1105.28,1096.33,1102.8,562813100.0,VNINDEX
2023-11-28,1088.6,1095.43,1076.45,1095.43,593255200.0,VNINDEX
2023-11-27,1095.59,1096.84,1085.69,1088.06,507177396.0,VNINDEX
2023-11-24,1090.97,1095.61,1073.31,1095.61,900881627.0,VNINDEX
2023-11-23,1117.71,1118.54,1088.49,1088.49,952327292.0,VNINDEX
2023-11-22,1111.35,1115.47,1103.26,1113.82,812591497.0,VNINDEX
2023-11-21,1112.61,1112.77,1103.79,1110.46,601628500.0,VNINDEX
2023-11-20,1085.4,1111.26,1085.32,1103.66,751153197.0,VNINDEX
2023-11-17,1128.14,1129.84,1096.16,1101.19,1178535597.0,VNINDEX
2023-11-16,1119.98,1125.53,1114.97,1125.53,606149798.0,VNINDEX
2023-11-15,1124.56,1132.75,1118.74,1122.5,883431798.0,VNINDEX
2023-11-14,1109.08,1115.6,1101.67,1109.73,771510093.0,VNINDEX
2023-11-13,1103.66,1107.91,1093.19,1100.07,740255909.0,VNINDEX
2023-11-10,1105.75,1116.02,1101.23,1101.68,955002299.0,VNINDEX
2023-11-09,1116.42,1124.78,1112.13,1113.89,1007657699.0,VNINDEX
2023-11-08,1079.14,1113.43,1075.8,1113.43,886291296.0,VNINDEX
2023-11-07,1086.68,1089.89,1079.42,1080.29,540407498.0,VNINDEX
2023-11-06,1082.21,1089.66,1076.78,1089.66,571437300.0,VNINDEX
2023-11-03,1081.35,1082.23,1071.11,1076.78,709568793.0,VNINDEX
2023-11-02,1048.62,1075.47,1045.14,1075.47,736277498.0,VNINDEX
2023-11-01,1029.0,1039.66,1020.01,1039.66,604190197.0,VNINDEX
2023-10-31,1045.6,1046.17,1025.03,1028.19,706900261.0,VNINDEX
2023-10-30,1054.03,1060.39,1042.4,1042.4,470396938.0,VNINDEX
2023-10-27,1059.41,1061.87,1037.46,1060.62,638920128.0,VNINDEX
2023-10-26,1082.8,1083.22,1049.71,1055.45,1129686333.0,VNINDEX
2023-10-25,1106.41,1111.39,1100.64,1101.66,483430997.0,VNINDEX
2023-10-24,1095.42,1107.3,1088.17,1105.9,444069106.0,VNINDEX
2023-10-23,1106.56,1106.8,1086.54,1093.53,500481939.0,VNINDEX
2023-10-20,1085.83,1108.16,1073.73,1108.03,592521786.0,VNINDEX
2023-10-19,1102.93,1103.65,1087.85,1087.85,615816621.0,VNINDEX
2023-10-18,1123.73,1125.27,1088.87,1103.4,932038934.0,VNINDEX
2023-10-17,1145.34,1147.89,1121.65,1121.65,572947922.0,VNINDEX
2023-10-16,1152.69,1157.46,1140.64,1141.42,623409673.0,VNINDEX
2023-10-13,1145.03,1155.1,1138.99,1154.73,594801349.0,VNINDEX
2023-10-12,1155.12,1156.73,1148.11,1151.61,621291840.0,VNINDEX
2023-10-11,1146.2,1150.81,1138.22,1150.81,499444242.0,VNINDEX
2023-10-10,1143.6,1150.34,1141.97,1143.69,628149941.0,VNINDEX
2023-10-09,1130.25,1137.36,1127.03,1137.36,545251858.0,VNINDEX
2023-10-06,1115.23,1129.13,1107.4,1128.54,606537765.0,VNINDEX
2023-10-05,1131.35,1133.12,1113.89,1113.89,556935540.0,VNINDEX
2023-10-04,1106.61,1133.79,1106.4,1128.67,646704090.0,VNINDEX
2023-10-03,1145.85,1146.59,1117.28,1118.1,940147219.0,VNINDEX
2023-10-02,1155.07,1161.48,1149.63,1155.25,465888090.0,VNINDEX
2023-09-29,1157.76,1163.88,1152.45,1154.15,536070186.0,VNINDEX
2023-09-28,1153.74,1155.39,1136.99,1152.43,654487289.0,VNINDEX
2023-09-27,1139.76,1153.85,1126.36,1153.85,785214196.0,VNINDEX
2023-09-26,1150.94,1163.52,1137.96,1137.96,961032520.0,VNINDEX
2023-09-25,1190.58,1195.62,1153.2,1153.2,995967927.0,VNINDEX
2023-09-22,1197.49,1199.13,1174.57,1193.05,1317428252.0,VNINDEX
2023-09-21,1226.79,1227.88,1211.65,1212.74,923868903.0,VNINDEX
2023-09-20,1212.7,1226.11,1209.46,1226.11,763673570.0,VNINDEX
2023-09-19,1215.96,1219.57,1199.85,1211.5,894414350.0,VNINDEX
2023-09-18,1225.6,1226.56,1203.88,1211.81,762126882.0,VNINDEX
2023-09-15,1228.87,1233.87,1220.27,1227.36,868566530.0,VNINDEX
2023-09-14,1238.19,1244.21,1223.03,1223.81,1162322737.0,VNINDEX
2023-09-13,1248.94,1250.61,1232.84,1238.39,1191621722.0,VNINDEX
2023-09-12,1227.16,1245.44,1220.85,1245.44,881050603.0,VNINDEX
2023-09-11,1250.48,1251.37,1223.33,1223.63,1310639802.0,VNINDEX
2023-09-08,1242.28,1248.1,1240.15,1241.48,973717974.0,VNINDEX
2023-09-07,1248.91,1255.11,1240.82,1243.14,1100446450.0,VNINDEX
2023-09-06,1237.07,1245.5,1229.89,1245.5,1067519291.0,VNINDEX
2023-09-05,1231.43,1236.21,1228.7,1234.98,984096413.0,VNINDEX
2023-08-31,1216.0,1224.84,1214.39,1224.05,887221303.0,VNINDEX
2023-08-30,1206.25,1213.52,1203.51,1213.16,864553394.0,VNINDEX
2023-08-29,1204.75,1208.78,1197.57,1204.43,904317444.0,VNINDEX
2023-08-28,1189.43,1202.02,1189.43,1201.72,765267986.0,VNINDEX
2023-08-25,1188.99,1192.59,1181.6,1183.37,828435338.0,VNINDEX
2023-08-24,1175.2,1189.99,1171.33,1189.39,797298659.0,VNINDEX
2023-08-23,1192.96,1193.79,1168.89,1172.56,653729364.0,VNINDEX
2023-08-22,1183.92,1184.43,1149.13,1180.49,989598015.0,VNINDEX
2023-08-21,1177.01,1188.16,1164.63,1179.76,1004947430.0,VNINDEX
2023-08-18,1227.02,1228.98,1177.74,1177.99,1647301285.0,VNINDEX
2023-08-17,1242.58,1243.98,1233.48,1233.48,1050179969.0,VNINDEX
2023-08-16,1239.95,1243.48,1235.27,1243.26,867014966.0,VNINDEX
2023-08-15,1239.42,1239.42,1230.58,1234.05,850711943.0,VNINDEX
2023-08-14,1237.14,1239.61,1229.04,1236.84,1035132343.0,VNINDEX
2023-08-11,1228.92,1232.21,1213.37,1232.21,984833473.0,VNINDEX
2023-08-10,1236.31,1238.19,1220.61,1220.61,983439649.0,VNINDEX
2023-08-09,1240.68,1241.96,1231.28,1233.99,1012519359.0,VNINDEX
2023-08-08,1244.35,1246.22,1239.01,1242.23,1116419091.0,VNINDEX
2023-08-07,1233.1,1241.42,1230.38,1241.42,1115170606.0,VNINDEX
2023-08-04,1216.27,1228.12,1214.17,1225.98,1087043095.0,VNINDEX
2023-08-03,1219.73,1222.35,1209.06,1210.95,979172024.0,VNINDEX
2023-08-02,1217.17,1223.04,1213.18,1220.43,850082857.0,VNINDEX
2023-08-01,1230.19,1234.5,1217.56,1217.56,1207954174.0,VNINDEX
2023-07-31,1219.66,1224.81,1212.81,1222.9,1124068439.0,VNINDEX
2023-07-28,1197.32,1207.67,1195.86,1207.67,1048693889.0,VNINDEX
2023-07-27,1201.69,1203.69,1191.08,1197.33,1079101085.0,VNINDEX
2023-07-26,1195.5,1200.84,1195.44,1200.84,849081405.0,VNINDEX
2023-07-25,1194.63,1199.27,1193.34,1195.9,919195101.0,VNINDEX
2023-07-24,1190.74,1193.22,1183.39,1190.72,988829242.0,VNINDEX
2023-07-21,1173.18,1185.9,1172.07,1185.9,899615350.0,VNINDEX
2023-07-20,1171.83,1174.39,1166.62,1172.81,740459807.0,VNINDEX
2023-07-19,1177.5,1178.55,1172.98,1172.98,799774192.0,VNINDEX
2023-07-18,1173.23,1175.7,1170.04,1174.09,760019590.0,VNINDEX
2023-07-17,1171.75,1174.89,1168.77,1173.13,852601583.0,VNINDEX
2023-07-14,1169.2,1169.84,1156.28,1168.4,973944099.0,VNINDEX
2023-07-13,1159.88,1165.42,1158.15,1165.42,760650797.0,VNINDEX
2023-07-12,1154.37,1157.43,1149.28,1154.2,696596095.0,VNINDEX
2023-07-11,1151.13,1157.01,1149.69,1151.77,851937696.0,VNINDEX
2023-07-10,1142.61,1149.02,1140.03,1149.02,814696484.0,VNINDEX
2023-07-07,1125.07,1138.07,1122.94,1138.07,713838698.0,VNINDEX
2023-07-06,1133.7,1135.81,1122.35,1126.22,873408599.0,VNINDEX
2023-07-05,1136.55,1138.67,1133.45,1134.62,745152500.0,VNINDEX
2023-07-04,1127.11,1132.12,1123.49,1132.0,638817697.0,VNINDEX
2023-07-03,1125.55,1128.35,1121.17,1125.5,503824145.0,VNINDEX
2023-06-30,1124.3,1126.33,1120.01,1120.18,545250297.0,VNINDEX
2023-06-29,1139.31,1140.43,1125.39,1125.39,839195975.0,VNINDEX
2023-06-28,1137.18,1140.56,1131.86,1138.35,773617647.0,VNINDEX
2023-06-27,1134.55,1136.49,1128.82,1134.33,645603695.0,VNINDEX
2023-06-26,1130.08,1134.0,1119.95,1132.03,955146794.0,VNINDEX
2023-06-23,1126.23,1130.61,1122.62,1129.38,857067499.0,VNINDEX
2023-06-22,1126.23,1127.54,1122.27,1125.3,829019298.0,VNINDEX
2023-06-21,1112.73,1118.46,1110.65,1118.46,800886000.0,VNINDEX
2023-06-20,1105.75,1111.72,1102.58,1111.72,593189197.0,VNINDEX
2023-06-19,1115.68,1117.23,1104.73,1105.4,723615794.0,VNINDEX
2023-06-16,1121.92,1128.92,1112.51,1115.22,1075388694.0,VNINDEX
2023-06-15,1117.06,1120.13,1112.11,1116.97,675615198.0,VNINDEX
2023-06-14,1124.56,1129.49,1117.42,1117.42,845985495.0,VNINDEX
2023-06-13,1117.43,1122.46,1116.1,1122.46,870411556.0,VNINDEX
2023-06-12,1110.26,1116.02,1100.08,1116.02,726269396.0,VNINDEX
2023-06-09,1103.11,1107.53,1097.23,1107.53,839731399.0,VNINDEX
2023-06-08,1111.86,1115.14,1101.32,1101.32,1211637498.0,VNINDEX
2023-06-07,1111.67,1112.28,1104.26,1109.54,930395400.0,VNINDEX
2023-06-06,1099.99,1108.31,1098.28,1108.31,782674898.0,VNINDEX
2023-06-05,1100.2,1103.81,1096.76,1097.82,893972894.0,VNINDEX
2023-06-02,1084.19,1092.24,1083.36,1090.84,973372400.0,VNINDEX
2023-06-01,1076.27,1078.39,1071.61,1078.39,820373400.0,VNINDEX
2023-05-31,1078.39,1079.11,1071.38,1075.17,861773099.0,VNINDEX
2023-05-30,1078.82,1079.31,1071.01,1078.05,816002498.0,VNINDEX
2023-05-29,1067.27,1077.18,1067.27,1074.98,738474496.0,VNINDEX
2023-05-26,1067.11,1067.28,1063.76,1063.76,596411399.0,VNINDEX
2023-05-25,1061.95,1065.5,1057.91,1064.63,615385098.0,VNINDEX
2023-05-24,1069.11,1069.61,1060.6,1061.79,684806396.0,VNINDEX
2023-05-23,1073.2,1073.96,1062.15,1065.85,669791099.0,VNINDEX
2023-05-22,1067.32,1070.64,1065.88,1070.64,634633394.0,VNINDEX
2023-05-19,1069.62,1070.15,1058.56,1067.07,661637199.0,VNINDEX
2023-05-18,1063.72,1073.41,1060.94,1068.31,590882500.0,VNINDEX
2023-05-17,1066.46,1069.95,1060.44,1060.44,762187700.0,VNINDEX
2023-05-16,1068.54,1069.27,1063.65,1065.91,592131699.0,VNINDEX
2023-05-15,1075.08,1076.32,1065.71,1065.71,783742292.0,VNINDEX
2023-05-12,1057.7,1066.9,1053.97,1066.9,688543798.0,VNINDEX
2023-05-11,1060.75,1063.69,1056.72,1057.12,681482895.0,VNINDEX
2023-05-10,1055.62,1058.67,1053.34,1058.26,651010589.0,VNINDEX
2023-05-09,1055.42,1058.71,1052.68,1053.77,502515296.0,VNINDEX
2023-05-08,1040.31,1053.44,1040.31,1053.44,596496596.0,VNINDEX
2023-05-05,1040.22,1043.22,1036.69,1040.31,439888399.0,VNINDEX
2023-05-04,1046.0,1048.16,1038.18,1040.61,571589992.0,VNINDEX
2023-04-28,1043.18,1049.12,1042.04,1049.12,574314687.0,VNINDEX
2023-04-27,1041.03,1044.25,1037.62,1039.63,466451198.0,VNINDEX
2023-04-26,1034.02,1040.8,1029.19,1040.8,431573300.0,VNINDEX
2023-04-25,1045.79,1045.79,1032.49,1034.85,488994205.0,VNINDEX
2023-04-24,1045.31,1047.18,1038.36,1041.36,452587200.0,VNINDEX
2023-04-21,1050.05,1050.4,1041.26,1042.91,512429096.0,VNINDEX
2023-04-20,1050.02,1051.86,1045.85,1049.25,332580000.0,VNINDEX
2023-04-19,1057.88,1058.14,1047.47,1048.98,496274699.0,VNINDEX
2023-04-18,1055.85,1057.15,1050.89,1055.02,494431200.0,VNINDEX
2023-04-17,1053.15,1054.72,1049.11,1053.81,406565600.0,VNINDEX
2023-04-14,1067.18,1068.79,1052.89,1052.89,724480200.0,VNINDEX
2023-04-13,1070.87,1070.88,1062.26,1064.3,595747688.0,VNINDEX
2023-04-12,1071.66,1072.7,1066.43,1069.45,660871916.0,VNINDEX
2023-04-11,1063.67,1070.56,1056.9,1069.46,642643084.0,VNINDEX
2023-04-10,1073.9,1075.54,1063.45,1065.35,789212128.0,VNINDEX
2023-04-07,1071.09,1072.94,1063.7,1069.71,600601088.0,VNINDEX
2023-04-06,1083.27,1084.52,1070.91,1070.91,955334562.0,VNINDEX
2023-04-05,1079.06,1080.86,1074.1,1080.86,706897680.0,VNINDEX
2023-04-04,1081.02,1082.21,1075.1,1078.45,746158000.0,VNINDEX
2023-04-03,1074.2,1079.28,1071.62,1079.28,778917800.0,VNINDEX
2023-03-31,1059.79,1067.55,1059.79,1064.64,574243800.0,VNINDEX
2023-03-30,1061.32,1066.23,1058.89,1059.44,555220667.0,VNINDEX
2023-03-29,1055.18,1056.33,1048.26,1056.33,415123604.0,VNINDEX
2023-03-28,1055.12,1059.83,1051.75,1054.29,583110300.0,VNINDEX
2023-03-27,1047.89,1053.78,1041.99,1052.25,510473100.0,VNINDEX
2023-03-24,1047.11,1052.29,1044.02,1046.79,506946000.0,VNINDEX
2023-03-23,1035.33,1045.1,1030.93,1045.1,369605000.0,VNINDEX
2023-03-22,1035.84,1042.84,1033.73,1040.54,382708900.0,VNINDEX
2023-03-21,1028.81,1036.15,1017.05,1032.43,381502000.0,VNINDEX
2023-03-20,1041.99,1042.6,1022.71,1023.1,476089300.0,VNINDEX
2023-03-17,1053.37,1055.42,1043.54,1045.14,492329800.0,VNINDEX
2023-03-16,1056.18,1058.73,1043.65,1047.4,464145188.0,VNINDEX
2023-03-15,1052.06,1062.55,1049.26,1062.19,549186800.0,VNINDEX
2023-03-14,1049.3,1051.56,1034.72,1040.13,559130000.0,VNINDEX
2023-03-13,1047.01,1055.58,1045.46,1052.8,524575300.0,VNINDEX
2023-03-10,1050.55,1053.86,1046.31,1053.0,456782100.0,VNINDEX
2023-03-09,1050.64,1060.56,1049.45,1055.95,557648200.0,VNINDEX
2023-03-08,1028.77,1049.18,1027.8,1049.18,480632600.0,VNINDEX
2023-03-07,1033.96,1043.92,1033.32,1037.84,424641600.0,VNINDEX
2023-03-06,1032.42,1042.43,1026.73,1027.18,390065700.0,VNINDEX
2023-03-03,1037.38,1041.82,1022.78,1024.77,384762000.0,VNINDEX
2023-03-02,1039.05,1043.8,1033.07,1037.61,323460600.0,VNINDEX
2023-03-01,1018.12,1040.55,1013.37,1040.55,468710710.0,VNINDEX
2023-02-28,1027.79,1034.36,1018.72,1024.68,361724100.0,VNINDEX
2023-02-27,1030.1,1031.59,1017.55,1021.25,513919000.0,VNINDEX
2023-02-24,1051.55,1052.49,1034.66,1039.56,397316790.0,VNINDEX
2023-02-23,1053.95,1054.48,1030.58,1053.66,635726600.0,VNINDEX
2023-02-22,1073.62,1073.93,1054.28,1054.28,766700800.0,VNINDEX
2023-02-21,1090.35,1095.1,1081.8,1082.23,654984700.0,VNINDEX
2023-02-20,1059.56,1088.01,1059.56,1086.69,632371800.0,VNINDEX
2023-02-17,1058.97,1062.25,1053.26,1059.31,429221700.0,VNINDEX
2023-02-16,1051.16,1058.29,1047.45,1058.29,410294000.0,VNINDEX
2023-02-15,1037.17,1051.89,1034.39,1048.2,494079200.0,VNINDEX
2023-02-14,1045.38,1046.64,1032.76,1038.64,338516800.0,VNINDEX
2023-02-13,1050.92,1054.05,1031.7,1043.7,603924900.0,VNINDEX
2023-02-10,1065.84,1066.28,1054.08,1055.3,405865100.0,VNINDEX
2023-02-09,1070.3,1075.2,1064.03,1064.03,383279200.0,VNINDEX
2023-02-08,1067.58,1079.51,1063.5,1072.22,480268400.0,VNINDEX
2023-02-07,1088.07,1092.12,1065.18,1065.84,594950572.0,VNINDEX
2023-02-06,1073.44,1089.29,1067.24,1089.29,415388100.0,VNINDEX
2023-02-03,1078.79,1081.89,1070.46,1077.15,506090100.0,VNINDEX
2023-02-02,1079.23,1083.36,1070.81,1077.59,592697450.0,VNINDEX
2023-02-01,1114.66,1116.96,1075.97,1075.97,974095334.0,VNINDEX
2023-01-31,1100.74,1111.18,1088.25,1111.18,653586100.0,VNINDEX
2023-01-30,1117.7,1118.46,1102.57,1102.57,751484500.0,VNINDEX
2023-01-27,1114.15,1124.3,1111.41,1117.1,571615000.0,VNINDEX
2023-01-19,1095.55,1111.72,1094.46,1108.08,578271400.0,VNINDEX
2023-01-18,1092.5,1100.39,1089.56,1098.28,553782600.0,VNINDEX
2023-01-17,1071.37,1088.29,1069.86,1088.29,592759400.0,VNINDEX
2023-01-16,1062.19,1067.74,1057.87,1066.68,408111100.0,VNINDEX
2023-01-13,1060.89,1066.39,1055.23,1060.17,670231695.0,VNINDEX
2023-01-12,1058.52,1060.97,1050.27,1056.39,384586029.0,VNINDEX
2023-01-11,1058.77,1065.69,1054.53,1055.76,508219700.0,VNINDEX
2023-01-10,1054.87,1057.44,1045.75,1053.35,423409835.0,VNINDEX
2023-01-09,1058.28,1062.12,1050.95,1054.21,386345500.0,VNINDEX
2023-01-06,1055.51,1065.58,1047.26,1051.44,614549000.0,VNINDEX
2023-01-05,1048.17,1058.14,1046.64,1055.82,496500700.0,VNINDEX
2023-01-04,1048.31,1052.6,1041.56,1046.35,566957000.0,VNINDEX
2023-01-03,1011.39,1043.9,1011.38,1043.9,518145310.0,VNINDEX
2025-12-11,1710.28,1718.84,1690.82,1698.9,592555601.0,VNINDEX
2025-12-12,1702.72,1702.73,1638.48,1646.89,919272724.0,VNINDEX
2025-12-15,1645.87,1665.65,1636.82,1646.01,684864300.0,VNINDEX
2025-12-16,1647.42,1689.07,1629.37,1679.18,832044428.0,VNINDEX
2025-12-17,1680.18,1683.95,1668.19,1673.66,612255424.0,VNINDEX
2025-12-18,1675.54,1676.98,1665.21,1676.98,677428400.0,VNINDEX
2025-12-19,1678.72,1705.76,1677.67,1704.31,776738534.0,VNINDEX
2025-12-22,1717.42,1751.03,1712.48,1751.03,980004438.0,VNINDEX
2025-12-23,1765.0,1778.18,1763.52,1772.15,859542980.0,VNINDEX
2025-12-24,1782.71,1784.98,1753.65,1782.82,808080310.0,VNINDEX
2025-12-25,1779.19,1805.93,1742.85,1742.85,830259375.0,VNINDEX
2025-12-26,1706.39,1730.99,1687.14,1729.8,1081379964.0,VNINDEX
2025-12-29,1733.39,1754.84,1731.63,1754.84,681132121.0,VNINDEX
2025-12-30,1758.45,1766.9,1740.07,1766.9,639630103.0,VNINDEX
2025-12-31,1760.81,1787.75,1760.14,1784.49,704538818.0,VNINDEX
2026-01-05,1787.13,1797.4,1775.19,1788.4,870442791.0,VNINDEX
2026-01-06,1795.57,1817.06,1790.44,1816.27,956959249.0,VNINDEX
2026-01-07,1832.23,1861.58,1819.17,1861.58,1014370947.0,VNINDEX
2026-01-08,1880.81,1888.33,1850.11,1855.56,1262265120.0,VNINDEX
2026-01-09,1861.02,1880.16,1853.16,1867.9,1300275020.0,VNINDEX
2026-01-12,1880.38,1887.92,1868.89,1877.33,1380092734.0,VNINDEX
2026-01-13,1873.93,1910.69,1871.79,1902.93,1343676537.0,VNINDEX
2026-01-14,1910.32,1918.46,1870.87,1894.44,1423913258.0,VNINDEX
2026-01-15,1883.7,1884.19,1845.95,1864.8,1237786766.0,VNINDEX
2026-01-16,1875.14,1901.22,1874.6,1879.13,1021323506.0,VNINDEX
2026-01-19,1894.67,1898.24,1874.69,1896.59,1163188480.0,VNINDEX
2026-01-20,1904.58,1915.11,1884.6,1893.78,1078094824.0,VNINDEX
2026-01-21,1876.96,1894.22,1859.25,1885.44,1204631813.0,VNINDEX
2026-01-22,1895.08,1904.56,1874.81,1882.73,1058940345.0,VNINDEX
2026-01-23,1890.39,1898.83,1866.87,1870.79,888764058.0,VNINDEX
2026-01-26,1876.81,1879.45,1833.21,1843.72,1112553302.0,VNINDEX
2026-01-27,1843.94,1845.7,1821.79,1830.5,788848818.0,VNINDEX
2026-01-28,1837.67,1842.61,1793.13,1802.91,1046874107.0,VNINDEX
2026-01-29,1804.15,1814.98,1797.32,1814.98,723177476.0,VNINDEX
2026-01-30,1822.1,1831.97,1808.47,1829.04,877814543.0,VNINDEX
